{"cameraMode":{"drawMode":0,"name":"Shaded","section":"Shading Mode"},"sceneLighting":true,"audioPlay":false,"sceneViewState":{"m_AlwaysRefresh":false,"showFog":true,"showSkybox":true,"showFlares":true,"showImageEffects":true,"showParticleSystems":true,"showVisualEffectGraphs":true,"m_FxEnabled":true},"in2DMode":false,"pivot":{"x":473.8254699707031,"y":150.64016723632813,"z":185.14938354492188},"rotation":{"x":0.012611119076609612,"y":0.48156747221946719,"z":0.006930640898644924,"w":-0.8762961030006409},"size":29.240476608276368,"orthographic":false}